<?xml version='1.0' encoding='UTF-8'?>  
<!DOCTYPE hibernate-mapping PUBLIC  
          "-//Hibernate/Hibernate Mapping DTD 5.3//EN"  
          "http://hibernate.sourceforge.net/hibernate-mapping-5.3.dtd">  
  
<hibernate-mapping>  
 <class name="com.bag.Question" table="QuestionBag">  
   <id name="id">  
     <generator class="increment"></generator>  
   </id>  
   <property name="qname"></property>  
            
   <bag name="answers" table="AnswersBag">  
     <key column="qid"></key>  
     <element column="answer" type="string"></element>  
   </bag>  
            
 </class>  
            
</hibernate-mapping>  