<?xml version='1.0' encoding='UTF-8'?>
<!DOCTYPE hibernate-mapping PUBLIC
          "-//Hibernate/Hibernate Mapping DTD 3.0//EN"
          "http://hibernate.sourceforge.net/hibernate-mapping-3.0.dtd">

<hibernate-mapping>

<class name="com.simplilearn.Employee" table="emps">
<id name="id">
<generator class="increment"></generator>
</id>
<property name="name"></property>

<component name="address" class="com.simplilearn.Address">
<property name="city"></property>
<property name="country"></property>
<property name="pincode"></property>
</component>

</class>

</hibernate-mapping>          