<?xml version='1.0' encoding='UTF-8'?>  
<!DOCTYPE hibernate-mapping PUBLIC  
          "-//Hibernate/Hibernate Mapping DTD 5.3//EN"  
          "http://hibernate.sourceforge.net/hibernate-mapping-5.3.dtd">  
  
<hibernate-mapping>  
 <class name="com.setmapping.Question" table="QuestionSet">  
   <id name="id">  
     <generator class="increment"></generator>  
   </id>  
   <property name="qname"></property>  
            
   <set name="answers" table="AnswersSet">  
     <key column="qid"></key>  
     <element column="answer" type="string"></element>  
   </set>  
            
 </class>  
            
</hibernate-mapping>  